INSERT INTO USERS (username, password, usertype) VALUES ("ckawase25", "password123", "STUDENT");
INSERT INTO USERS (username, password, usertype) VALUES ('asantos27', 'password123', 'STUDENT');
INSERT INTO USERS (username, password, usertype) VALUES ('clampe27', 'password123', 'STUDENT');
INSERT INTO USERS (username, password, usertype) VALUES ('echesnut26', 'password123', 'STUDENT');
INSERT INTO USERS (username, password, usertype) VALUES  ('eweber26', 'password123', 'STUDENT');
INSERT INTO USERS (username, password, usertype) VALUES ('jtressel27', 'password123', 'STUDENT');
INSERT INTO USERS (username, password, usertype) VALUES ('jwaughon27', 'password123', 'STUDENT');
INSERT INTO USERS (username, password, usertype) VALUES ('ksaho27', 'password123', 'STUDENT');
INSERT INTO USERS (username, password, usertype) VALUES ('mryan27', 'password123', 'STUDENT');
INSERT INTO USERS (username, password, usertype) VALUES ('msmith26', 'password123', 'STUDENT');
INSERT INTO USERS (username, password, usertype) VALUES ('achavan', 'password123', 'FACULTY');
INSERT INTO USERS (username, password, usertype) VALUES ('mhicks', 'password123', 'REGISTRAR');

INSERT INTO ACADEMIC_PROGRAMS (degree, curriculum, programtype) VALUE ('Bachelors of Arts', 'Computer Science', 'major');

INSERT INTO STUDENTS (studentid, fullname, dategranted) VALUES (1, 'Kawase', '2026-05-05');
INSERT INTO STUDENTS (studentid, fullname, dategranted) VALUES (2, 'Adrian Santos', '2026-05-05');
INSERT INTO STUDENTS (studentid, fullname, dategranted) VALUES (3, 'Carter Lampe', '2026-05-05');
INSERT INTO STUDENTS (studentid, fullname, dategranted) VALUES (4, 'Ethyn Chesnut', '2026-05-05');
INSERT INTO STUDENTS (studentid, fullname, dategranted) VALUES (5, 'Evan Weber', '2026-05-05');
INSERT INTO STUDENTS (studentid, fullname, dategranted) VALUES (6, 'Jack Tressel', '2026-05-05');
INSERT INTO STUDENTS (studentid, fullname, dategranted) VALUES (7, 'Jr Waughon', '2026-05-05');
INSERT INTO STUDENTS (studentid, fullname, dategranted) VALUES (8, 'Kaede Saho', '2026-05-05');
INSERT INTO STUDENTS (studentid, fullname, dategranted) VALUES (9, 'Mickey Ryan', '2026-05-05');
INSERT INTO STUDENTS (studentid, fullname, dategranted) VALUES (10, 'Luna', '2026-05-05');

INSERT INTO STUDENT_STUDY_FIELD (studentid, programid) VALUES (1, 1);
INSERT INTO STUDENT_STUDY_FIELD (studentid, programid) VALUES (2, 1);
INSERT INTO STUDENT_STUDY_FIELD (studentid, programid) VALUES (3, 1);
INSERT INTO STUDENT_STUDY_FIELD (studentid, programid) VALUES (4, 1);
INSERT INTO STUDENT_STUDY_FIELD (studentid, programid) VALUES (5, 1);
INSERT INTO STUDENT_STUDY_FIELD (studentid, programid) VALUES (6, 1);
INSERT INTO STUDENT_STUDY_FIELD (studentid, programid) VALUES (7, 1);
INSERT INTO STUDENT_STUDY_FIELD (studentid, programid) VALUES (8, 1);
INSERT INTO STUDENT_STUDY_FIELD (studentid, programid) VALUES (9, 1);
INSERT INTO STUDENT_STUDY_FIELD (studentid, programid) VALUES (10, 1);
